Unnamed: 0,Model_name,Time,Silhouette_score,Coef_distortion,Davies-bouldin
,k_means,0.3128571510314941,0.4082134946167241,98799.66970050114,0.6863298863412862
,DBSCAN,62.83857703208923,0.6907139938472089,0.0,0.8081097524094386
,CAH,118.20908713340759,0.3125371201153686,0.0,0.8571943300402779
