Unnamed: 0,Model_name,Time,Silhouette_score,Coef_distortion,Davies-bouldin
,k_means,0.3128571510314941,0.4082134946167241,98799.66970050114,0.6863298863412862
,DBSCAN,62.83857703208923,0.6907139938472089,0.0,0.8081097524094386
,CAH,118.2090871334076,0.3125371201153686,0.0,0.8571943300402779
,k_means1_5f,0.3359842300415039,0.3608718360642467,137186.0735859616,0.7810484275720958
,k_means2_5f,0.3944137096405029,0.3145394091083809,151390.0994799525,0.8576184316511857
,k_means1_4f,0.2753939628601074,0.3878265008926005,191869.23828708072,0.8252179854885012
