Unnamed: 0,Model_name,Time,Silhouette_score,Coef_distortion,Davies-bouldin
,k_means,0.3185958862304687,0.4082175663653247,98799.91372228708,0.6863186896063347
,DBSCAN,60.5733060836792,0.6907139938472089,0.0,0.8081097524094386
,CAH,86.9842700958252,0.3072321531649496,0.0,0.8178264283385523
,k_means_5f,0.416003942489624,0.3608649687920284,137186.04015332146,0.7810424098275048
