Unnamed: 0,Model_name,Time,Silhouette_score,Coef_distortion,Davies-bouldin
,k_means,0.335543155670166,0.4081094277759999,98799.86666324265,0.686532133868721
,DBSCAN,52.72730493545532,0.6907139938472089,0.0,0.8081097524094386
