Time,Silhouette_score,Coef_distortion,Davies-bouldin,Model_name
0.2772619724273681,0.4081863428410109,98799.32614585684,0.6863768670821657,
54.5022828578949,0.6907139938472089,0.0,0.8081097524094386,DBSCAN
